<?xml version="1.0" encoding="utf-8" ?>
<DFU FormatVersionMajor="4" FormatVersionMinor="0">
    <!-- ++++++++++++++++++++++++++++++++++++++++++++++++++++++++++++++++++++ -->
    <!-- GUID required to locate the driver DLL.
    IMORTANT: This GUID must be equal to the one specified in the 
    'InterfaceGUID=' statement in custom.ini -->
    <DriverInterfaceGUID>{9aca796f-df92-4806-b093-f6ff9ec72797}</DriverInterfaceGUID>
    <!-- ++++++++++++++++++++++++++++++++++++++++++++++++++++++++++++++++++++ -->
    <!-- Add supported devices below in the <SupportedDevices> section. -->
    <SupportedDevices> 
        <Device VID="0x26A0" PID="0x0003">
            <Firmware MajorVersion="0" MinorVersion="11">DN32-USB_update_0-11.bin</Firmware>
        </Device>  
    </SupportedDevices> 
    <!-- ++++++++++++++++++++++++++++++++++++++++++++++++++++++++++++++++++++ --> 
    <!-- Supported values: No, Warn, Block -->
    <CheckFirmwareVersion>No</CheckFirmwareVersion>
    <DisplayFirmwareFile>True</DisplayFirmwareFile>
    <AllowToAbortUpgrade>True</AllowToAbortUpgrade>
    <LanguageSelectionDialog>
        <Enabled>False</Enabled>    
    </LanguageSelectionDialog>      
    <!-- ++++++++++++++++++++++++++++++++++++++++++++++++++++++++++++++++++++ -->
</DFU>